<?xml version="1.0" encoding="UTF-8"?>
<mets:METS xmlns:mets="http://www.loc.gov/METS/" xmlns:xlink="http://www.w3.org/TR/xlink/" xmlns:xsi="http://www.w3.org/2001/XMLSchema-instance" xmlns:dim="http://www.dspace.org/xmlns/dspace/dim" LABEL="DSpace Item" OBJID="/handle/10672/93" PROFILE="DSPACE METS SIP Profile 1.0" OBJEDIT="/admin/item?itemID=168" ID="hdl:10672/93">
<mets:dmdSec GROUPID="group_dmd_0" ID="dmd_1">
<mets:mdWrap OTHERMDTYPE="DIM" MDTYPE="OTHER">
<mets:xmlData>
<dim:dim dspaceType="ITEM">
<dim:field element="contributor" mdschema="dc">pope, addy</dim:field>
<dim:field element="contributor" mdschema="dc" qualifier="other" language="en">University of Edinburgh</dim:field>
<dim:field element="coverage" mdschema="dc" qualifier="spatial" language="en">northlimit=90.0;eastlimit=180.0;southlimit=-90.0;westlimit=-179.999;</dim:field>
<dim:field element="coverage" mdschema="dc" qualifier="temporal">2010-10-30</dim:field>
<dim:field element="date" mdschema="dc" qualifier="accessioned">2010-10-29T10:23:59Z</dim:field>
<dim:field element="date" mdschema="dc" qualifier="available">2010-10-29T10:23:59Z</dim:field>
<dim:field element="date" mdschema="dc" qualifier="issued">2010-10-29</dim:field>
<dim:field element="identifier" mdschema="dc">http://www.sharegeo.ac.uk/bitstream/handle/10672/93/earthquake.zip?sequence=1</dim:field>
<dim:field element="identifier" mdschema="dc" qualifier="uri">http://hdl.handle.net/10672/93</dim:field>
<dim:field element="description" mdschema="dc" language="en">This data was sourced from the USGS website and has then been modified extensively to make it usable in a GIS http://earthquake.usgs.gov/earthquakes/</dim:field>
<dim:field element="description" mdschema="dc" qualifier="abstract" language="en">This dataset shows the most significant earthquakes around the world since 1900.  In each case the location, date and magnitude are recorded.  Other details such as the death toll, number of houses destroyed are given when available.</dim:field>
<dim:field element="format" mdschema="dc" language="en">ESRI Shapefile</dim:field>
<dim:field element="language" mdschema="dc" qualifier="iso" language="en">en</dim:field>
<dim:field element="rights" mdschema="dc" language="en">This data is made available under the Public Domain Dedication and License v1.0 whose full text can be found at http://www.opendatacommons.org/licenses/pddl/1.0/</dim:field>
<dim:field element="subject" mdschema="dc" language="en">geology</dim:field>
<dim:field element="subject" mdschema="dc" language="en">Natural Disaster</dim:field>
<dim:field element="subject" mdschema="dc" language="en">Earthquake</dim:field>
<dim:field element="subject" mdschema="dc" qualifier="classification" language="en">Geo Scientific Information</dim:field>
<dim:field element="title" mdschema="dc" language="en">Major Earthquakes since 1900</dim:field>
<dim:field element="type" mdschema="dc" language="en">GIS vector data</dim:field>
</dim:dim>
</mets:xmlData>
</mets:mdWrap>
</mets:dmdSec>
<mets:fileSec>
<mets:fileGrp USE="CONTENT">
<mets:file GROUPID="group_file_243" SIZE="21527" CHECKSUM="f22cbb4b4b3ebc4cdcacb2362274f3ff" MIMETYPE="application/zip" CHECKSUMTYPE="MD5" ID="file_243">
<mets:FLocat LOCTYPE="URL" xlink:href="/bitstream/handle/10672/93/earthquake.zip?sequence=1" xlink:title="earthquake.zip" xlink:type="locator"/>
</mets:file>
</mets:fileGrp>
<mets:fileGrp USE="LICENSE">
<mets:file GROUPID="group_file_244" SIZE="127" CHECKSUM="44d9ed4f6902860fbb92bf26df40fc3b" MIMETYPE="text/plain; charset=utf-8" CHECKSUMTYPE="MD5" ID="file_244">
<mets:FLocat LOCTYPE="URL" xlink:href="/bitstream/handle/10672/93/license.txt?sequence=-1" xlink:title="license.txt" xlink:type="locator"/>
</mets:file>
</mets:fileGrp>
</mets:fileSec>
<mets:structMap TYPE="LOGICAL" LABEL="DSpace">
<mets:div TYPE="DSpace Item" DMDID="dmd_1">
<mets:div TYPE="DSpace Content Bitstream" ID="div_2">
<mets:fptr FILEID="file_243"/>
</mets:div>
</mets:div>
</mets:structMap>
</mets:METS>
