<?xml version="1.0" encoding="UTF-8"?>
<mets:METS xmlns:mets="http://www.loc.gov/METS/" xmlns:xlink="http://www.w3.org/TR/xlink/" xmlns:xsi="http://www.w3.org/2001/XMLSchema-instance" xmlns:dim="http://www.dspace.org/xmlns/dspace/dim" LABEL="DSpace Item" OBJID="/handle/10672/300" PROFILE="DSPACE METS SIP Profile 1.0" OBJEDIT="/admin/item?itemID=469" ID="hdl:10672/300">
<mets:dmdSec GROUPID="group_dmd_0" ID="dmd_1">
<mets:mdWrap OTHERMDTYPE="DIM" MDTYPE="OTHER">
<mets:xmlData>
<dim:dim dspaceType="ITEM">
<dim:field element="contributor" mdschema="dc">Gruber, Stephan</dim:field>
<dim:field element="contributor" mdschema="dc" qualifier="other" language="en">University of Zurich</dim:field>
<dim:field element="coverage" mdschema="dc" qualifier="spatial" language="en">northlimit=83.5644;eastlimit=179.6816;southlimit=-79.2115;westlimit=-168.6995;</dim:field>
<dim:field element="coverage" mdschema="dc" qualifier="temporal">2012-02-01</dim:field>
<dim:field element="date" mdschema="dc" qualifier="accessioned">2012-02-22T15:39:15Z</dim:field>
<dim:field element="date" mdschema="dc" qualifier="available">2012-02-22T15:39:15Z</dim:field>
<dim:field element="date" mdschema="dc" qualifier="issued">2012-02-22</dim:field>
<dim:field element="identifier" mdschema="dc">http://www.sharegeo.ac.uk/bitstream/handle/10672/300/Glacier.zip?sequence=1</dim:field>
<dim:field element="identifier" mdschema="dc" qualifier="uri">http://hdl.handle.net/10672/300</dim:field>
<dim:field element="description" mdschema="dc" language="en">The derivation of the dataset is described in this publication &lt;http://www.the-cryosphere.net/6/221/&gt;. In it, issues of uncertainty and heterogeneity are discussed in detail. These are especially important when using such data for validating other models. Updated statistics for global/national permafrost areas as well as plots detailing the nature of permafrost areas in terms of latitude, elevation, heterogeneity and terrain ruggedness are available and include an estimation of uncertainty.  The data are provided "as is" and University of Zurich makes no representations or warranties, express or implied. By way of example, but without limitation, University of Zurich makes no representations or warranties of merchantibily or  tness for any particular purpose or that the data will meet your requirements or that the use of the data or documentation will not infringe any third party's patents, copyrights, trademarks or other rights. Furthermore, University of Zurich does not warrant or make any representations regarding use of the data in terms of correctness, accuracy, reliability, or otherwise or that defects in the data will be corrected. University of Zurich will not be liable for any consequential, incidental, or special damages, or any other relief, or for any claim by any third party, arising from the use of the data.  Please attribute the WGMS an University of Zurich as the sources of this data.</dim:field>
<dim:field element="description" mdschema="dc" qualifier="abstract" language="en">Inventory of glaciers giving data on their area, perimeter and shape.  This data has been collected by the World Glacier Monitoring Service and was released as part of a larger permafrost dataset (http://hdl.handle.net/10672/299). The derivation of the dataset is described in this publication &lt;http://www.the-cryosphere.net/6/221/&gt;</dim:field>
<dim:field element="format" mdschema="dc" language="en">ESRI Shapefile</dim:field>
<dim:field element="language" mdschema="dc" qualifier="iso" language="en">en</dim:field>
<dim:field element="rights" mdschema="dc" language="en">This data is made available under the Creative Commons Attribution 3.0 license whose full text can be found at http://creativecommons.org/licenses/by/3.0/legalcode</dim:field>
<dim:field element="subject" mdschema="dc" language="en">glaciers</dim:field>
<dim:field element="subject" mdschema="dc" qualifier="classification" language="en">Climatology/Meteorology/Atmosphere</dim:field>
<dim:field element="subject" mdschema="dc" qualifier="classification" language="en">Environment</dim:field>
<dim:field element="subject" mdschema="dc" qualifier="classification" language="en">Geo Scientific Information</dim:field>
<dim:field element="title" mdschema="dc" language="en">Glaciers 2012</dim:field>
<dim:field element="type" mdschema="dc" language="en">GIS vector data</dim:field>
</dim:dim>
</mets:xmlData>
</mets:mdWrap>
</mets:dmdSec>
<mets:fileSec>
<mets:fileGrp USE="CONTENT">
<mets:file GROUPID="group_file_698" SIZE="5143295" CHECKSUM="e07f051f9d47eba9ff8e22b611632970" MIMETYPE="application/zip" CHECKSUMTYPE="MD5" ID="file_698">
<mets:FLocat LOCTYPE="URL" xlink:href="/bitstream/handle/10672/300/Glacier.zip?sequence=1" xlink:title="Glacier.zip" xlink:type="locator"/>
</mets:file>
</mets:fileGrp>
<mets:fileGrp USE="LICENSE">
<mets:file GROUPID="group_file_699" SIZE="127" CHECKSUM="44d9ed4f6902860fbb92bf26df40fc3b" MIMETYPE="text/plain; charset=utf-8" CHECKSUMTYPE="MD5" ID="file_699">
<mets:FLocat LOCTYPE="URL" xlink:href="/bitstream/handle/10672/300/license.txt?sequence=-1" xlink:title="license.txt" xlink:type="locator"/>
</mets:file>
</mets:fileGrp>
</mets:fileSec>
<mets:structMap TYPE="LOGICAL" LABEL="DSpace">
<mets:div TYPE="DSpace Item" DMDID="dmd_1">
<mets:div TYPE="DSpace Content Bitstream" ID="div_2">
<mets:fptr FILEID="file_698"/>
</mets:div>
</mets:div>
</mets:structMap>
</mets:METS>
